<wpml-config>
	<shortcodes>
		<shortcode>
			<tag>dsm_animated_gradient_text</tag>
			<attributes>
				<attribute>animated_gradient_text</attribute>
				<attribute type="media-url">background_image</attribute>
			</attributes>
		</shortcode>
		<shortcode>
			<tag>dsm_text_badges</tag>
			<attributes>
				<attribute>main_text</attribute>
				<attribute>badges_text</attribute>
				<attribute type="media-url">background_image</attribute>
			</attributes>
		</shortcode>
		<shortcode>
			<tag>dsm_before_after_image</tag>
			<attributes>
				<attribute type="media-url">before_src</attribute>
				<attribute>before_alt</attribute>
				<attribute>before_title_text</attribute>
				<attribute>before_label_text</attribute>
				<attribute type="media-url">after_src</attribute>
				<attribute>after_alt</attribute>
				<attribute>after_title_text</attribute>
				<attribute>after_label_text</attribute>
				<attribute type="media-url">background_image</attribute>
			</attributes>
		</shortcode>
		<shortcode>
			<tag>dsm_blob_image</tag>
			<attributes>
				<attribute type="media-url">blob_image</attribute>
				<attribute>blob_title</attribute>
				<attribute encoding="allow_html_tags">blob_desc</attribute>
				<attribute type="media-url">background_image</attribute>
			</attributes>
		</shortcode>
		<shortcode>
			<tag>dsm_block_reveal_image</tag>
			<attributes>
				<attribute type="media-url">src</attribute>
				<attribute type="media-url">src_phone</attribute>
                <attribute type="media-url">src_tablet</attribute>
				<attribute>alt</attribute>
                <attribute>title_text</attribute>
				<attribute type="link">url</attribute>
				<attribute type="media-url">show_lightbox_other_img_src</attribute>
				<attribute type="media-url">background_image</attribute>
			</attributes>
		</shortcode>
		<shortcode>
			<tag>dsm_block_reveal_text</tag>
			<attributes>
				<attribute>block_reveal_text</attribute>
				<attribute type="media-url">background_image</attribute>
			</attributes>
		</shortcode>
		<shortcode>
			<tag>dsm_blog_carousel</tag>
			<attributes>
				<attribute>readmore_text</attribute>
				<attribute type="media-url">background_image</attribute>
			</attributes>
		</shortcode>
		<shortcode>
			<tag>dsm_breadcrumbs</tag>
			<attributes>
				<attribute>home_text</attribute>
				<attribute type="media-url">background_image</attribute>
			</attributes>
		</shortcode>
		<shortcode>
			<tag>dsm_business_hours</tag>
			<attributes>
				<attribute type="media-url">background_image</attribute>
			</attributes>
		</shortcode>
		<shortcode>
			<tag>dsm_business_hours_child</tag>
			<attributes>
				<attribute>admin_title</attribute>
				<attribute>time</attribute>
				<attribute>title</attribute>
				<attribute type="media-url">background_image</attribute>
			</attributes>
		</shortcode>
		<shortcode>
			<tag>dsm_caldera_forms</tag>
			<attributes>
				<attribute type="media-url">background_image</attribute>
			</attributes>
		</shortcode>
		<shortcode>
			<tag>dsm_button</tag>
			<attributes>
				<attribute>button_one_text</attribute>
				<attribute>button_one_email_address</attribute>
				<attribute>button_one_email_cc</attribute>
				<attribute>button_one_email_bcc</attribute>
				<attribute>button_one_email_subject</attribute>
				<attribute>button_one_email_msg</attribute>
				<attribute>button_one_phone_number</attribute>
				<attribute>button_one_sms_number</attribute>
				<attribute>button_one_sms_body_text</attribute>
				<attribute>button_one_fb_messenger</attribute>
				<attribute>button_one_skype</attribute>
				<attribute>button_one_whatsapp_number</attribute>
				<attribute>button_one_whatsapp_msg</attribute>
				<attribute>button_one_telegram</attribute>
				<attribute>button_one_telegram_msg</attribute>
				<attribute type="link">button_one_url</attribute>
				<attribute type="media-url">button_one_download_file</attribute>
				<attribute type="media-url">button_one_image_src</attribute>
				<attribute>button_one_tooltip_content</attribute>
				<attribute>button_two_text</attribute>
				<attribute>button_two_email_address</attribute>
				<attribute>button_two_email_cc</attribute>
				<attribute>button_two_email_bcc</attribute>
				<attribute>button_two_email_subject</attribute>
				<attribute>button_two_email_msg</attribute>
				<attribute>button_two_phone_number</attribute>
				<attribute>button_two_sms_number</attribute>
				<attribute>button_two_sms_body_text</attribute>
				<attribute>button_two_fb_messenger</attribute>
				<attribute>button_two_skype</attribute>
				<attribute>button_two_whatsapp_number</attribute>
				<attribute>button_two_whatsapp_msg</attribute>
				<attribute>button_two_telegram</attribute>
				<attribute>button_two_telegram_msg</attribute>
				<attribute type="link">button_two_url</attribute>
				<attribute type="media-url">button_two_download_file</attribute>
				<attribute type="media-url">button_two_image_src</attribute>
				<attribute>button_two_tooltip_content</attribute>
				<attribute>separator_text</attribute>
			</attributes>
		</shortcode>
		<shortcode>
			<tag>dsm_card</tag>
			<attributes>
				<attribute>title</attribute>
				<attribute>subtitle</attribute>
				<attribute>badge_text</attribute>
				<attribute type="link">badge_url</attribute>
				<attribute type="media-url">image</attribute>
				<attribute>alt</attribute>
				<attribute encoding="allow_html_tags">content</attribute>
				<attribute>button_text</attribute>
				<attribute type="link">button_url</attribute>
				<attribute type="media-url">background_image</attribute>
			</attributes>
		</shortcode>
		<shortcode>
			<tag>dsm_card_carousel</tag>
			<attributes>
				<attribute type="media-url">background_image</attribute>
			</attributes>
		</shortcode>
		<shortcode>
			<tag>dsm_card_carousel_child</tag>
			<attributes>
				<attribute>admin_label</attribute>
				<attribute>title</attribute>
				<attribute>subtitle</attribute>
				<attribute>badge_text</attribute>
				<attribute type="link">badge_url</attribute>
				<attribute type="media-url">image</attribute>
				<attribute>alt</attribute>
				<attribute encoding="allow_html_tags">content</attribute>
				<attribute>button_text</attribute>
				<attribute type="link">button_url</attribute>
				<attribute type="media-url">button_image_src</attribute>
				<attribute type="media-url">background_image</attribute>
			</attributes>
		</shortcode>
		<shortcode>
			<tag>dsm_contact_form_7</tag>
			<attributes>
				<attribute type="media-url">background_image</attribute>
			</attributes>
		</shortcode>
		<shortcode>
			<tag>dsm_content_toggle</tag>
			<attributes>
				<attribute>heading_one</attribute>
				<attribute>shortcode_content_one</attribute>
				<attribute encoding="allow_html_tags">custom_content_one</attribute>
				<attribute>heading_two</attribute>
				<attribute>shortcode_content_two</attribute>
				<attribute encoding="allow_html_tags">custom_content_two</attribute>
				<attribute type="media-url">background_image</attribute>
			</attributes>
		</shortcode>
		<shortcode>
			<tag>dsm_dual_heading</tag>
			<attributes>
				<attribute>before_text</attribute>
				<attribute>middle_text</attribute>
				<attribute>after_text</attribute>
				<attribute type="media-url">background_image</attribute>
			</attributes>
		</shortcode>
		<shortcode>
			<tag>dsm_embed_google_map</tag>
			<attributes>
				<attribute>address</attribute>
				<attribute type="media-url">background_image</attribute>
			</attributes>
		</shortcode>
		<shortcode>
			<tag>dsm_embed_twitter_timeline</tag>
			<attributes>
				<attribute>twitter_username</attribute>
				<attribute type="media-url">background_image</attribute>
			</attributes>
		</shortcode>
		<shortcode>
			<tag>dsm_facebook_embed</tag>
			<attributes>
				<attribute type="link">fb_post_url</attribute>
				<attribute type="link">fb_video_url</attribute>
				<attribute type="media-url">background_image</attribute>
			</attributes>
		</shortcode>
		<shortcode>
			<tag>dsm_facebook_like_button</tag>
			<attributes>
				<attribute type="link">fb_url</attribute>
				<attribute type="media-url">background_image</attribute>
			</attributes>
		</shortcode>
		<shortcode>
			<tag>dsm_facebook_comments</tag>
			<attributes>
				<attribute type="link">page_url</attribute>
				<attribute type="media-url">background_image</attribute>
			</attributes>
		</shortcode>
		<shortcode>
			<tag>dsm_facebook_feed</tag>
			<attributes>
				<attribute type="link">fb_page_url</attribute>
				<attribute type="media-url">background_image</attribute>
			</attributes>
		</shortcode>
		<shortcode>
			<tag>dsm_flipbox</tag>
			<attributes>
				<attribute type="media-url">background_image</attribute>
			</attributes>
		</shortcode>
		<shortcode>
			<tag>dsm_flipbox_child</tag>
			<attributes>
				<attribute>admin_title</attribute>
				<attribute>title</attribute>
				<attribute>subtitle</attribute>
				<attribute type="media-url">image</attribute>
				<attribute>alt</attribute>
				<attribute encoding="allow_html_tags">content</attribute>
				<attribute>button_text</attribute>
				<attribute type="link">button_url</attribute>
				<attribute type="media-url">background_image</attribute>
			</attributes>
		</shortcode>
		<shortcode>
			<tag>dsm_floating_multi_images</tag>
			<attributes>
				<attribute type="media-url">background_image</attribute>
			</attributes>
		</shortcode>
		<shortcode>
			<tag>dsm_floating_multi_images_child</tag>
			<attributes>
				<attribute>admin_title</attribute>
				<attribute type="media-url">src</attribute>
				<attribute>alt</attribute>
				<attribute type="media-url">background_image</attribute>
			</attributes>
		</shortcode>
		<shortcode>
			<tag>dsm_glitch_text</tag>
			<attributes>
				<attribute>glitch_text</attribute>
				<attribute type="media-url">background_image</attribute>
			</attributes>
		</shortcode>
		<shortcode>
			<tag>dsm_gradient_text</tag>
			<attributes>
				<attribute>gradient_text</attribute>
				<attribute type="media-url">background_image</attribute>
			</attributes>
		</shortcode>
		<shortcode>
			<tag>dsm_icon_divider</tag>
			<attributes>
				<attribute type="media-url">image</attribute>
				<attribute>alt</attribute>
				<attribute type="media-url">background_image</attribute>
			</attributes>
		</shortcode>
		<shortcode>
			<tag>dsm_icon_list</tag>
			<attributes>
				<attribute type="media-url">background_image</attribute>
			</attributes>
		</shortcode>
		<shortcode>
			<tag>dsm_icon_list_child</tag>
			<attributes>
				<attribute>admin_title</attribute>
				<attribute>text</attribute>
				<attribute type="media-url">image</attribute>
				<attribute>alt</attribute>
				<attribute encoding="allow_html_tags">content</attribute>
				<attribute type="link">url</attribute>
				<attribute type="media-url">background_image</attribute>
			</attributes>
		</shortcode>
		<shortcode>
			<tag>dsm_image_accordion</tag>
			<attributes>
				<attribute type="media-url">background_image</attribute>
			</attributes>
		</shortcode>
		<shortcode>
			<tag>dsm_image_accordion_child</tag>
			<attributes>
				<attribute>admin_title</attribute>
				<attribute type="media-url">image_accordion_src</attribute>
				<attribute type="media-url">image_accordion_icon_image</attribute>
				<attribute>image_accordion_title</attribute>
				<attribute>image_accordion_desc</attribute>
				<attribute>ia_button_text</attribute>
				<attribute type="link">ia_button_link</attribute>
				<attribute type="media-url">background_image</attribute>
			</attributes>
		</shortcode>
		<shortcode>
			<tag>dsm_image_hotspots</tag>
			<attributes>
				<attribute type="media-url">src</attribute>
				<attribute>alt</attribute>
				<attribute>title_text</attribute>
				<attribute type="media-url">background_image</attribute>
			</attributes>
		</shortcode>
		<shortcode>
			<tag>dsm_image_hotspots_child</tag>
			<attributes>
				<attribute>admin_title</attribute>
				<attribute type="media-url">hotspot_img</attribute>
				<attribute>hotspot_alt</attribute>
				<attribute>hotspot_title_text</attribute>
				<attribute>hotspot_text</attribute>
				<attribute encoding="allow_html_tags">content</attribute>
				<attribute type="media-url">background_image</attribute>
			</attributes>
		</shortcode>
		<shortcode>
			<tag>dsm_image_hover_reveal</tag>
			<attributes>
				<attribute type="media-url">src</attribute>
				<attribute type="media-url">background_image</attribute>
			</attributes>
		</shortcode>
		<shortcode>
			<tag>dsm_image_reveal</tag>
			<attributes>
				<attribute>reveal_text</attribute>
				<attribute type="media-url">src</attribute>
				<attribute>alt</attribute>
				<attribute>title_text</attribute>
				<attribute type="media-url">background_image</attribute>
			</attributes>
		</shortcode>
		<shortcode>
			<tag>dsm_lottie</tag>
			<attributes>
				<attribute type="link">lottie_url</attribute>
				<attribute type="media-url">background_image</attribute>
			</attributes>
		</shortcode>
		<shortcode>
			<tag>dsm_mask_text</tag>
			<attributes>
				<attribute>mask_text</attribute>
				<attribute type="media-url">image</attribute>
				<attribute type="media-url">background_image</attribute>
			</attributes>
		</shortcode>
		<shortcode>
			<tag>dsm_masonry_gallery</tag>
			<attributes>
				<attribute type="media-ids">gallery_ids</attribute>
				<attribute type="media-url">background_image</attribute>
			</attributes>
		</shortcode>
		<shortcode>
			<tag>dsm_menu</tag>
			<attributes>
				<attribute>title</attribute>
				<attribute type="media-url">background_image</attribute>
			</attributes>
		</shortcode>
		<shortcode>
			<tag>dsm_perspective_image</tag>
			<attributes>
				<attribute type="link">src</attribute>
				<attribute>alt</attribute>
				<attribute>title_text</attribute>
				<attribute type="media-url">show_lightbox_other_img_src</attribute>
				<attribute type="link">url</attribute>
				<attribute type="media-url">background_image</attribute>
			</attributes>
		</shortcode>
		<shortcode>
			<tag>dsm_post_carousel</tag>
			<attributes>
				<attribute>readmore_text</attribute>
				<attribute type="media-url">background_image</attribute>
			</attributes>
		</shortcode>
		<shortcode>
			<tag>dsm_pricelist</tag>
			<attributes>
				<attribute type="media-url">background_image</attribute>
			</attributes>
		</shortcode>
		<shortcode>
			<tag>dsm_pricelist_child</tag>
			<attributes>
				<attribute>admin_title</attribute>
				<attribute>price</attribute>
				<attribute>title</attribute>
				<attribute type="media-url">image</attribute>
				<attribute>alt</attribute>
				<attribute encoding="allow_html_tags">content</attribute>
				<attribute type="media-url">background_image</attribute>
			</attributes>
		</shortcode>
		<shortcode>
			<tag>dsm_scroll_image</tag>
			<attributes>
				<attribute type="media-url">src</attribute>
				<attribute>alt</attribute>
				<attribute>title_text</attribute>
				<attribute type="media-url">show_lightbox_other_img_src</attribute>
				<attribute type="link">url</attribute>
				<attribute type="media-url">background_image</attribute>
			</attributes>
		</shortcode>
		<shortcode>
			<tag>dsm_shapes</tag>
			<attributes>
				<attribute type="media-url">background_image</attribute>
			</attributes>
		</shortcode>
		<shortcode>
			<tag>dsm_shuffle_letters</tag>
			<attributes>
				<attribute>before_shuffle_text</attribute>
				<attribute>title</attribute>
				<attribute>after_shuffle_text</attribute>
				<attribute type="media-url">background_image</attribute>
			</attributes>
		</shortcode>
		<shortcode>
			<tag>dsm_star_rating</tag>
			<attributes>
				<attribute>title</attribute>
				<attribute type="media-url">background_image</attribute>
			</attributes>
		</shortcode>
		<shortcode>
			<tag>dsm_text_divider</tag>
			<attributes>
				<attribute>header</attribute>
				<attribute type="media-url">background_image</attribute>
			</attributes>
		</shortcode>
		<shortcode>
			<tag>dsm_text_notation</tag>
			<attributes>
				<attribute>before_text</attribute>
				<attribute>notation_text</attribute>
				<attribute>after_text</attribute>
				<attribute type="media-url">background_image</attribute>
			</attributes>
		</shortcode>
		<shortcode>
			<tag>dsm_text_rotator</tag>
			<attributes>
				<attribute>before_text</attribute>
				<attribute encoding="divi_options">text_rotator</attribute>
				<attribute>after_text</attribute>
				<attribute type="media-url">background_image</attribute>
			</attributes>
		</shortcode>
		<shortcode>
			<tag>dsm_tilt_image</tag>
			<attributes>
				<attribute type="media-url">src</attribute>
				<attribute>alt</attribute>
				<attribute>title_text</attribute>
				<attribute type="link">url</attribute>
				<attribute>dsm_overlay_title</attribute>
				<attribute encoding="allow_html_tags">content</attribute>
				<attribute type="media-url">background_image</attribute>
			</attributes>
		</shortcode>
		<shortcode>
			<tag>dsm_typing_effect</tag>
			<attributes>
				<attribute>before_typing_effect</attribute>
				<attribute>typing_effect</attribute>
				<attribute>after_typing_effect</attribute>
				<attribute type="media-url">background_image</attribute>
			</attributes>
		</shortcode>
		<shortcode>
			<tag>et_pb_text</tag>
			<attributes>
				<attribute>dsm_modules_readmore_more_link_text</attribute>
				<attribute>dsm_modules_readmore_less_link_text</attribute>
			</attributes>
		</shortcode>
		<shortcode>
			<tag>et_pb_blog</tag>
			<attributes>
				<attribute>dsm_modules_readmore_more_link_text</attribute>
				<attribute>dsm_modules_readmore_less_link_text</attribute>
			</attributes>
		</shortcode>
		<shortcode>
			<tag>et_pb_code</tag>
			<attributes>
				<attribute>dsm_modules_readmore_more_link_text</attribute>
				<attribute>dsm_modules_readmore_less_link_text</attribute>
			</attributes>
		</shortcode>
		<shortcode>
			<tag>et_pb_cta</tag>
			<attributes>
				<attribute>dsm_modules_readmore_more_link_text</attribute>
				<attribute>dsm_modules_readmore_less_link_text</attribute>
			</attributes>
		</shortcode>
		<shortcode>
			<tag>et_pb_blurb</tag>
			<attributes>
				<attribute>dsm_modules_readmore_more_link_text</attribute>
				<attribute>dsm_modules_readmore_less_link_text</attribute>
			</attributes>
		</shortcode>
	</shortcodes>
</wpml-config>